{
	"ImportPath": "github.com/continuous-security/efda/golang/godep/godep-basic",
	"GoVersion": "go1.7",
	"GodepVersion": "v77",
	"Deps": [
		{
			"ImportPath": "github.com/google/go-github/github",
			"Rev": "27c7c32b6d369610435bd2ad7b4d8554f235eb01"
		},
		{
			"ImportPath": "github.com/google/go-querystring/query",
			"Rev": "53e6ce116135b80d037921a7fdd5138cf32d7a8a"
		},
		{
			"ImportPath": "github.com/square/go-jose",
			"Rev": "7f0dd807d3f3d73bb536898cb7980ddf638ce69a"
		},
		{
			"ImportPath": "github.com/square/go-jose/cipher",
			"Rev": "7f0dd807d3f3d73bb536898cb7980ddf638ce69a"
		},
		{
			"ImportPath": "github.com/square/go-jose/json",
			"Rev": "7f0dd807d3f3d73bb536898cb7980ddf638ce69a"
		}
	]
}
